<FileList>

<File Reference="Syncfusion.Tools.WPF.dll">
	<ContainsControls>True</ContainsControls>
	<ToolboxItems UIFramework="WPF" VSCategory="Syncfusion WPF UI Controls (NuGet)" BlendCategory="Syncfusion WPF UI Controls (NuGet)">
		<Item Type="Syncfusion.Windows.Tools.Controls.GroupBar"/>
		<Item Type="Syncfusion.Windows.Tools.Controls.Ribbon"/>
		<Item Type="Syncfusion.Windows.Tools.Controls.TaskBar"/>
		<Item Type="Syncfusion.Windows.Tools.Controls.TabNavigationControl"/>
		<Item Type="Syncfusion.Windows.Tools.Controls.WizardControl"/>
		<Item Type="Syncfusion.Windows.Tools.Controls.HierarchyNavigator"/>
		<Item Type="Syncfusion.Windows.Tools.Controls.CardView"/>
		<Item Type="Syncfusion.Windows.Tools.Controls.DockingManager"/>
		<Item Type="Syncfusion.Windows.Tools.Controls.DocumentContainer"/>
		<Item Type="Syncfusion.Windows.Tools.Controls.TabControlExt"/>
		<Item Type="Syncfusion.Windows.Tools.Controls.TabSplitter"/>
		<Item Type="Syncfusion.Windows.Tools.Controls.CheckListBox"/>
		<Item Type="Syncfusion.Windows.Controls.Notification.SfBadge"/>
	</ToolboxItems>
</File>
</FileList>