<FileList>

<File Reference="Syncfusion.Shared.WPF.dll">
	<ContainsControls>True</ContainsControls>
	<ToolboxItems UIFramework="WPF" VSCategory="Syncfusion WPF UI Controls (NuGet)" BlendCategory="Syncfusion WPF UI Controls (NuGet)">
		<Item Type="Syncfusion.Windows.Tools.Controls.ButtonAdv"/>
		<Item Type="Syncfusion.Windows.Tools.Controls.DropDownButtonAdv"/>
		<Item Type="Syncfusion.Windows.Tools.Controls.SplitButtonAdv"/>
		<Item Type="Syncfusion.Windows.Tools.Controls.ComboBoxAdv"/>
		<Item Type="Syncfusion.Windows.Shared.MenuAdv"/>
		<Item Type="Syncfusion.Windows.Tools.Controls.ToolBarAdv"/>
		<Item Type="Syncfusion.Windows.Shared.CurrencyTextBox"/>
		<Item Type="Syncfusion.Windows.Shared.DoubleTextBox"/>
		<Item Type="Syncfusion.Windows.Shared.IntegerTextBox"/>
		<Item Type="Syncfusion.Windows.Shared.PercentTextBox"/>
		<Item Type="Syncfusion.Windows.Shared.PinnableListBox"/>
		<Item Type="Syncfusion.Windows.Shared.CalendarEdit"/>
		<Item Type="Syncfusion.Windows.Shared.Carousel"/>
		<Item Type="Syncfusion.Windows.Shared.Clock"/>
		<Item Type="Syncfusion.Windows.Shared.DateTimeEdit"/>
		<Item Type="Syncfusion.Windows.Shared.TileViewControl"/>
		<Item Type="Syncfusion.Windows.Shared.TimeSpanEdit"/>
		<Item Type="Syncfusion.Windows.Shared.UpDown"/>
		<Item Type="Syncfusion.Windows.Shared.ColorPicker"/>
		<Item Type="Syncfusion.Windows.Tools.Controls.ColorPickerPalette"/>
		<Item Type="Syncfusion.Windows.Shared.ColorEdit"/>
	</ToolboxItems>
</File>
</FileList>